{
    "N2": {
        "alpha1": 3.409090909090909,
        "alpha2": -1.7575757575757576,
        "epsilon": 0.025454545454545452,
        "se_alpha1": 4.148539415669428,
        "se_alpha2": 3.9967468977598632,
        "se_epsilon": 0.044567602540514506,
        "sample size": 151,
        "J-stat": null,
        "Overid": 0
    }
}